[
  {
    "groupId": "120363043709190022@g.us",
    "actived": false,
    "number": [
      "5522996099898"
    ]
  },
  {
    "groupId": "558288076701-1631836482@g.us",
    "actived": false,
    "number": [
      "@558288940387"
    ]
  },
  {
    "groupId": "120363041101060492@g.us",
    "actived": false,
    "number": [
      "559198178670",
      "5535910022546"
    ]
  },
  {
    "groupId": "120363043939185640@g.us",
    "actived": false,
    "number": [
      "84904961643"
    ]
  },
  {
    "groupId": "120363026758319679@g.us",
    "actived": false,
    "number": [
      "84904961643",
      "@15025208508"
    ]
  }
]
